Business Name,Email
 &Coffee Co,No email found
1 Bail Bonds,mari@a1bailbonds.net
1 Pho Noodle & Grill,No email found
100 Percent Soccer,db100soccer@aol.com
10th Planet Jiu Jitsu Route 66,8c4075d5481d476e945486754f783364@sentry.io
1921 W 11th St Llc,No email found
1977 Llc,info@ehawaii.gov
1977 Llc,tyler.brey@sos.la.gov
1977 Llc,commercial@sos.la.gov
19th Street Pizzeria,No email found
1st Continental Mortgage Rancho,No email found
1st United Door Technologies,No email found
1stchoiceproducts,No email found
2001 House Doctor Inc,hello@housedoctor.com
21st Century Insurance,No email found
3 Ball Entertainment Llc,No email found
3 Brothers Inc,No email found
3PL Worldwide,No email found
3pm Cleaning Services,service@threerclean.com
3r Electronics Recycling Inc,No email found
4 Ace Construction,No email found
4 Color Fantasies,info@4colorfantasies.com
4 U Toner,support@valuetonerstore.com
40 Wholesail E,No email found
4th & Mill,No email found
7-Eleven,No email found
76 Gas Station,No email found
85 Degrees C Bakery Cafe,No email found
99 Cents Only Stores,No email found
A & A Appliance Service,No email found
A & B Home,customerservice@abhongda.net
A & J Pool & Spa Cleaning Service,No email found
A & J Pool and Spa Service,No email found
A & J Tree Service,No URL found
A & R Concrete Construction,info@arconcrete.com
A A Business Svc Inc,No URL found
A A Truck Trailer Supply,No email found
A Ala Day Locksmith,membership@aloa.org
A Ala Day Locksmith,editor@aloa.org
A Ala Day Locksmith,jim@aloa.org
A Automobile Locksmith,user@domain.com
A C E Llc,info@ACELLC.consulting
A C E Llc,michele@acellc.consulting
A D Sports,No email found
A G Collectibles,8c4075d5481d476e945486754f783364@sentry.io
A G Collectibles,ArmingtonGalleries@gmail.com
A G Engineering Inc,No email found
A G Industries,No URL found
A H Reiter Development,help@mapquest.com
A H Rieter-Building 20,help@mapquest.com
A Lipstick Bail Bonds,No email found
A Plant Dental Center,No URL found
A Plus Sign Shop,No email found
A Pool Pal,No email found
A Quinio Armor Inc,No email found
A Rekey Locksmith 24/7,No email found
A Sign of Independence,No email found
A To Z Construction,No email found
A Upland Fire Protection,mayor@ci.upland.ca.us
A Upland Fire Protection,buildingandsafety@uplandca.gov
A Upland Fire Protection,citymanager@ci.upland.ca.us
A Upland Fire Protection,reference@uplandlibrary.org
A Upland Fire Protection,planning@uplandca.gov
A Upland Fire Protection,weedabatement@ci.upland.ca.us
A Upland Fire Protection,ithelp@ci.upland.ca.us
A Upland Fire Protection,info@uplandpd.org
A Upland Fire Protection,rec@ci.upland.ca.us
A Upland Fire Protection,pw@ci.upland.ca.us
A Upland Fire Protection,hr@ci.upland.ca.us
A Upland Fire Protection,animalcontrol@ci.upland.ca.us
A Upland Fire Protection,uplandcityclerk@ci.upland.ca.us
A Upland Fire Protection,housing@ci.upland.ca.us
A Upland Fire Protection,finance@ci.upland.ca.us
A's Homehealth,No email found
A-1 Advanced Sprinkler Repair & Landscape,No email found
A-1 Auto Care Center,No email found
A-Alta Loma Plumbing,No email found
A-Arrow Bail Bonds,No email found
A-F Engineering Group Inc,No URL found
A-Premier Travel Service,Admin@APremierTravelAgency.com
A2 Global Development Co,No URL found
A2Z Home Repair Maintenance,filler@godaddy.com
A2Z Home Repair Maintenance,agustinamingote@gmail.com
A2Z Home Repair Maintenance,amkryukov@gmail.com
AAA Automobile Club of Southern California,No email found
AAA Business Credit Advisors,No email found
AAA Financial Services,No email found
AAA Insurance,No email found
AAMCO Transmissions & Total Car Care,No email found
AB Home Group Inc,customerservice@abhongda.net
ABB Inc,No URL found
ABC Lock,No email found
ABM,No email found
AC Plus Heating & Air,No email found
ACDelco Auto & Equipment Tools,No URL found
ACE Hardware,No email found
ADP,No email found
AKDY Imports LLC,username@domain.com
ALDO,No email found
AMC Victoria Gardens 12,No email found
AMES Taping Tools,No email found
AMJ Plumbing Specialists,No URL found
APM - Advanced Pain Management,personalinjury@apmpain.com
ARCO,No email found
AT&T Store,name@email.com
Aaa Associated Transportation,No email found
Aaa Rancho Cucamonga Insurance And Member Services,No email found
Aabba Anytyme Inc,No email found
Aars Appliance Repair Service,No email found
Aashlok,No URL found
Aayan Cargo Inc,No email found
Ab Solutions,No URL found
Abb Inc,No URL found
Abba Bail Bonds Inc,info@abbabailbonds.com
Abble Inc,cs@abbleinc.com
Abbot Home Health Care,astigma@astigmatic.com
Abbot Home Health Care,info@abbothomehealth.com
Abby Red Accessories,info@abbyredaccessories.com
Abc Networks Inc,No email found
Abercrombie & Fitch,No email found
Abha Sharma Md,No email found
Ability Carpet,No email found
